{
  "timestamp": "2025-06-17T00:18:38.261767",
  "device_info": {
    "system": "Darwin",
    "release": "24.5.0",
    "machine": "x86_64",
    "processor": "i386",
    "cpu_cores": 4,
    "total_ram_gb": 16.0,
    "python_version": "3.9.6 (default, Apr 30 2025, 02:07:18) \n[Clang 17.0.0 (clang-1700.0.13.5)]",
    "tensorflow_version": "2.16.2"
  },
  "model_info": {
    "name": "MobileNetV2",
    "type": "Lightweight CNN",
    "size_mb": 3.412017822265625,
    "input_shape": [
      1,
      224,
      224,
      3
    ],
    "output_shape": [
      1,
      1001
    ],
    "quantized": true
  },
  "core_performance": {
    "inference_times": [
      33.32102700000128,
      41.663859999999886,
      38.42567400000085,
      30.341138999999018,
      94.99134200000015,
      28.294897999998625,
      63.983214999998594,
      41.88812199999958,
      30.188653999999815,
      40.23343299999915,
      41.14251500000066,
      30.900944000000763,
      33.86819199999991,
      49.390149000000605,
      33.8521759999999,
      27.19154100000054,
      72.14258700000009,
      23.90177200000032,
      26.593874999999656,
      26.32664899999959
    ],
    "cpu_usage": [
      60.9,
      60.6,
      65.0,
      74.7,
      27.3,
      77.2,
      37.7,
      54.9,
      73.4,
      59.8,
      57.5,
      76.2,
      70.0,
      50.0,
      72.5,
      68.2,
      32.7,
      83.0,
      81.9,
      76.2
    ],
    "memory_usage": [
      384.69921875,
      384.69921875,
      384.69921875,
      384.703125,
      384.703125,
      384.703125,
      384.70703125,
      384.70703125,
      384.7109375,
      384.7109375,
      384.7109375,
      384.7109375,
      384.71484375,
      384.71484375,
      384.71484375,
      384.71484375,
      384.71484375,
      384.71484375,
      384.71484375,
      384.71484375
    ],
    "statistics": {
      "mean_inference_time": 40.432088199999946,
      "std_inference_time": 17.38714606949696,
      "min_inference_time": 23.90177200000032,
      "max_inference_time": 94.99134200000015,
      "p95_inference_time": 73.2850247500001,
      "p99_inference_time": 90.6500785500001,
      "mean_memory_usage": 384.7091796875,
      "peak_memory_usage": 384.71484375,
      "mean_cpu_usage": 62.985000000000014,
      "peak_cpu_usage": 83.0
    }
  },
  "latency_analysis": {
    "0": {
      "mean_inference": 24.223006900000144,
      "mean_total": 24.234656700000023,
      "mean_network_overhead": 0.011649799999879917,
      "efficiency_ratio": 99.95192917257259
    },
    "50": {
      "mean_inference": 19.02673905000034,
      "mean_total": 126.22853755000003,
      "mean_network_overhead": 107.2017984999997,
      "efficiency_ratio": 15.073246842033413
    },
    "100": {
      "mean_inference": 19.567393749999866,
      "mean_total": 226.60155440000003,
      "mean_network_overhead": 207.0341606500001,
      "efficiency_ratio": 8.635154247644412
    },
    "200": {
      "mean_inference": 18.902841199999365,
      "mean_total": 425.6277110999996,
      "mean_network_overhead": 406.7248699000003,
      "efficiency_ratio": 4.441167881467712
    },
    "500": {
      "mean_inference": 20.406493450000518,
      "mean_total": 1035.5362502000005,
      "mean_network_overhead": 1015.12975675,
      "efficiency_ratio": 1.9706208687585072
    },
    "1000": {
      "mean_inference": 19.01727025000035,
      "mean_total": 2024.9771740000003,
      "mean_network_overhead": 2005.9599037499993,
      "efficiency_ratio": 0.9391350428130973
    }
  },
  "batch_processing": {
    "1": {
      "total_time": 21.14900630000278,
      "time_per_image": 21.14900630000278,
      "throughput": 47.28354542122712,
      "memory_usage": 384.81640625
    },
    "5": {
      "total_time": 111.7707103000015,
      "time_per_image": 22.3541420600003,
      "throughput": 44.73443880404447,
      "memory_usage": 384.81640625
    },
    "10": {
      "total_time": 174.34335639999858,
      "time_per_image": 17.43433563999986,
      "throughput": 57.35807894541647,
      "memory_usage": 384.81640625
    },
    "20": {
      "total_time": 337.7375385999997,
      "time_per_image": 16.886876929999985,
      "throughput": 59.21758085555023,
      "memory_usage": 384.81640625
    },
    "50": {
      "total_time": 877.2717695999987,
      "time_per_image": 17.545435391999973,
      "throughput": 56.99488087117864,
      "memory_usage": 384.81640625
    }
  },
  "cold_warm_analysis": {
    "cold_starts": [
      25.086956999999188,
      30.29534200000228,
      26.473249000005694,
      21.31046099999878,
      19.12288699999465,
      18.476242999994952,
      22.553827000010074,
      18.624254000002338,
      18.37708099999702,
      18.416282000004003
    ],
    "warm_starts": [
      18.26516599999195,
      18.62585300000319,
      17.25938099998814,
      17.017202000005227,
      16.005696000007674,
      15.861741999998458,
      18.113737999996715,
      15.973208999994881,
      15.994554999991806,
      15.947949000008066
    ],
    "statistics": {
      "cold_start_mean": 21.873658300000898,
      "cold_start_std": 3.9627440695840606,
      "warm_start_mean": 16.90644909999861,
      "warm_start_std": 1.0450270069297387,
      "startup_overhead": 4.967209200002287
    }
  }
}