{
  "timestamp": "2025-06-17T00:34:03.068155",
  "device_info": {
    "system": "Darwin",
    "release": "24.5.0",
    "machine": "x86_64",
    "processor": "i386",
    "cpu_cores": 4,
    "total_ram_gb": 16.0,
    "python_version": "3.9.6 (default, Apr 30 2025, 02:07:18) \n[Clang 17.0.0 (clang-1700.0.13.5)]",
    "tensorflow_version": "2.16.2"
  },
  "model_info": {
    "name": "MobileNetV2",
    "type": "Lightweight CNN",
    "size_mb": 3.412017822265625,
    "input_shape": [
      1,
      224,
      224,
      3
    ],
    "output_shape": [
      1,
      1001
    ],
    "quantized": true
  },
  "core_performance": {
    "inference_times": [
      31.07961899999978,
      23.28147000000058,
      20.712287000000273,
      19.29315599999981,
      20.72009299999955,
      27.06826200000023,
      20.572386999999637,
      20.507117000001074,
      20.084052999999713,
      20.24180200000103
    ],
    "cpu_usage": [
      70.2,
      91.2,
      93.0,
      98.5,
      96.8,
      80.5,
      96.7,
      95.6,
      98.8,
      97.6
    ],
    "memory_usage": [
      384.890625,
      384.890625,
      384.890625,
      384.890625,
      384.890625,
      384.89453125,
      384.89453125,
      384.89453125,
      384.8984375,
      384.8984375
    ],
    "statistics": {
      "mean_inference_time": 22.356024600000165,
      "std_inference_time": 3.60768144202719,
      "min_inference_time": 19.29315599999981,
      "max_inference_time": 31.07961899999978,
      "p95_inference_time": 29.27450834999998,
      "p99_inference_time": 30.71859686999982,
      "mean_memory_usage": 384.893359375,
      "peak_memory_usage": 384.8984375,
      "mean_cpu_usage": 91.89,
      "peak_cpu_usage": 98.8
    }
  },
  "latency_analysis": {
    "0": {
      "mean_inference": 23.39213740000003,
      "mean_total": 23.40416605,
      "mean_network_overhead": 0.012028649999962227,
      "efficiency_ratio": 99.94860466305755
    },
    "50": {
      "mean_inference": 23.999759999999885,
      "mean_total": 127.1896249500002,
      "mean_network_overhead": 103.18986495000031,
      "efficiency_ratio": 18.869274918795057
    },
    "100": {
      "mean_inference": 20.42710280000008,
      "mean_total": 224.3669841500003,
      "mean_network_overhead": 203.93988135000018,
      "efficiency_ratio": 9.104326502130796
    },
    "200": {
      "mean_inference": 18.383890450000354,
      "mean_total": 422.9001374499999,
      "mean_network_overhead": 404.51624699999957,
      "efficiency_ratio": 4.347099663020069
    },
    "500": {
      "mean_inference": 51.6498378000005,
      "mean_total": 1060.689434300001,
      "mean_network_overhead": 1009.0395965000005,
      "efficiency_ratio": 4.869459064055508
    },
    "1000": {
      "mean_inference": 31.83609079999883,
      "mean_total": 2040.9661729999996,
      "mean_network_overhead": 2009.1300822000007,
      "efficiency_ratio": 1.5598539172848327
    }
  },
  "batch_processing": {
    "1": {
      "total_time": 18.345675700000186,
      "time_per_image": 18.345675700000186,
      "throughput": 54.508758159286,
      "memory_usage": 385.015625
    },
    "5": {
      "total_time": 96.63879429999724,
      "time_per_image": 19.32775885999945,
      "throughput": 51.73905610285684,
      "memory_usage": 385.015625
    },
    "10": {
      "total_time": 190.37546630000006,
      "time_per_image": 19.037546630000005,
      "throughput": 52.52777678948224,
      "memory_usage": 385.015625
    },
    "20": {
      "total_time": 341.9022609000024,
      "time_per_image": 17.09511304500012,
      "throughput": 58.496249622196814,
      "memory_usage": 385.015625
    },
    "50": {
      "total_time": 925.6160092000002,
      "time_per_image": 18.512320184000004,
      "throughput": 54.01808039514621,
      "memory_usage": 385.015625
    }
  },
  "cold_warm_analysis": {
    "cold_starts": [
      24.166573000002245,
      21.30026099999327,
      20.978245999998535,
      18.339662000002477,
      24.483754000002023,
      23.285128999987137,
      24.440656000010108,
      22.547908000007055,
      18.751339999994343,
      18.879987999994796
    ],
    "warm_starts": [
      16.56895200000008,
      19.763704999988363,
      23.245690999999624,
      17.112900000000764,
      17.129832999998484,
      18.821263999996063,
      19.710527000000866,
      16.623320999997304,
      17.499153999992245,
      18.75641600000222
    ],
    "statistics": {
      "cold_start_mean": 21.7173516999992,
      "cold_start_std": 2.3063540528306765,
      "warm_start_mean": 18.5231762999976,
      "warm_start_std": 1.9442598722165796,
      "startup_overhead": 3.1941754000015976
    }
  }
}