{
  "timestamp": "2025-06-17T00:30:05.085401",
  "device_info": {
    "system": "Darwin",
    "release": "24.5.0",
    "machine": "x86_64",
    "processor": "i386",
    "cpu_cores": 4,
    "total_ram_gb": 16.0,
    "python_version": "3.9.6 (default, Apr 30 2025, 02:07:18) \n[Clang 17.0.0 (clang-1700.0.13.5)]",
    "tensorflow_version": "2.16.2"
  },
  "model_info": {
    "name": "MobileNetV2",
    "type": "Lightweight CNN",
    "size_mb": 3.412017822265625,
    "input_shape": [
      1,
      224,
      224,
      3
    ],
    "output_shape": [
      1,
      1001
    ],
    "quantized": true
  },
  "core_performance": {
    "inference_times": [
      40.0561049999979,
      22.147438000001074,
      29.295026999999862,
      22.025407000000996,
      30.411253999997,
      21.71578300000121,
      18.74890599999901,
      19.347332000002382,
      20.84472999999676,
      25.55210899999949
    ],
    "cpu_usage": [
      66.0,
      94.4,
      81.4,
      96.6,
      74.3,
      91.2,
      92.7,
      97.1,
      95.0,
      76.0
    ],
    "memory_usage": [
      384.62109375,
      384.62109375,
      384.62109375,
      384.62109375,
      384.625,
      384.625,
      384.62890625,
      384.62890625,
      384.6328125,
      384.6328125
    ],
    "statistics": {
      "mean_inference_time": 25.01440909999957,
      "std_inference_time": 6.251275613432509,
      "min_inference_time": 18.74890599999901,
      "max_inference_time": 40.0561049999979,
      "p95_inference_time": 35.71592204999749,
      "p99_inference_time": 39.18806840999782,
      "mean_memory_usage": 384.62578125,
      "peak_memory_usage": 384.6328125,
      "mean_cpu_usage": 86.47,
      "peak_cpu_usage": 97.1
    }
  },
  "latency_analysis": {
    "0": {
      "mean_inference": 19.781150999999397,
      "mean_total": 19.792681400000056,
      "mean_network_overhead": 0.011530400000658858,
      "efficiency_ratio": 99.94174412366048
    },
    "50": {
      "mean_inference": 18.070345450000143,
      "mean_total": 125.00433114999919,
      "mean_network_overhead": 106.93398569999904,
      "efficiency_ratio": 14.455775478944483
    },
    "100": {
      "mean_inference": 18.48972105000009,
      "mean_total": 224.8408422999999,
      "mean_network_overhead": 206.35112124999984,
      "efficiency_ratio": 8.223470816449657
    },
    "200": {
      "mean_inference": 19.56997485000027,
      "mean_total": 426.16576595000004,
      "mean_network_overhead": 406.5957910999998,
      "efficiency_ratio": 4.592103921434252
    },
    "500": {
      "mean_inference": 18.521459449999256,
      "mean_total": 1024.1581907500017,
      "mean_network_overhead": 1005.6367313000022,
      "efficiency_ratio": 1.8084568982879294
    },
    "1000": {
      "mean_inference": 18.213632950001823,
      "mean_total": 2023.1381949999989,
      "mean_network_overhead": 2004.924562049997,
      "efficiency_ratio": 0.9002663779970718
    }
  },
  "batch_processing": {
    "1": {
      "total_time": 18.121684799997695,
      "time_per_image": 18.121684799997695,
      "throughput": 55.18250709228356,
      "memory_usage": 384.7421875
    },
    "5": {
      "total_time": 81.2158863999997,
      "time_per_image": 16.24317727999994,
      "throughput": 61.564309910678,
      "memory_usage": 384.7421875
    },
    "10": {
      "total_time": 160.47834029999848,
      "time_per_image": 16.047834029999848,
      "throughput": 62.31370527203848,
      "memory_usage": 384.7421875
    },
    "20": {
      "total_time": 316.4973312000029,
      "time_per_image": 15.824866560000146,
      "throughput": 63.19168608521846,
      "memory_usage": 384.7421875
    },
    "50": {
      "total_time": 785.3787161,
      "time_per_image": 15.707574322000001,
      "throughput": 63.66355361434781,
      "memory_usage": 384.7421875
    }
  },
  "cold_warm_analysis": {
    "cold_starts": [
      24.233370000004584,
      20.061617999999726,
      20.336266000001046,
      17.906025000002046,
      17.935754999996334,
      17.861479999993435,
      17.530067999999233,
      18.937620000002653,
      17.9066080000041,
      17.60170699999719
    ],
    "warm_starts": [
      16.832812000004083,
      17.093461999991177,
      15.919345000000362,
      15.47573900000998,
      15.873504999987631,
      15.207466000006775,
      16.97348300000101,
      15.519351999998321,
      15.503687000006039,
      15.510367999993946
    ],
    "statistics": {
      "cold_start_mean": 19.031051700000035,
      "cold_start_std": 1.9807096283026286,
      "warm_start_mean": 15.990921899999933,
      "warm_start_std": 0.669226011574399,
      "startup_overhead": 3.040129800000102
    }
  }
}