{
  "timestamp": "2025-06-17T00:15:28.438852",
  "device_info": {
    "system": "Darwin",
    "release": "24.5.0",
    "machine": "x86_64",
    "processor": "i386",
    "cpu_cores": 4,
    "total_ram_gb": 16.0,
    "python_version": "3.9.6 (default, Apr 30 2025, 02:07:18) \n[Clang 17.0.0 (clang-1700.0.13.5)]",
    "tensorflow_version": "2.16.2"
  },
  "model_info": {
    "name": "MobileNetV2",
    "type": "Lightweight CNN",
    "size_mb": 3.412017822265625,
    "input_shape": [
      1,
      224,
      224,
      3
    ],
    "output_shape": [
      1,
      1001
    ],
    "quantized": true
  },
  "core_performance": {
    "inference_times": [
      33.79131599999852,
      20.914521000001685,
      17.693783999998658,
      17.577360999997182,
      22.775206000002157,
      29.316716999996828,
      17.059743000000793,
      19.548662999998356,
      19.056067999997595,
      18.12836599999912,
      29.36757299999826,
      20.78551800000028,
      18.988776000000485,
      26.444347000001756,
      21.626680000000675,
      42.11081500000091,
      17.647760999999207,
      18.136697999999285,
      17.396995999998666,
      18.005239000000728
    ],
    "cpu_usage": [
      61.4,
      80.9,
      91.4,
      94.4,
      78.9,
      63.6,
      96.1,
      88.9,
      93.6,
      93.2,
      65.6,
      87.1,
      87.8,
      76.1,
      89.1,
      47.8,
      90.9,
      87.0,
      92.5,
      90.9
    ],
    "memory_usage": [
      385.25390625,
      385.25390625,
      385.25390625,
      385.25390625,
      385.25390625,
      385.2578125,
      385.2578125,
      385.2578125,
      385.26171875,
      385.26171875,
      385.26171875,
      385.26171875,
      385.26171875,
      385.265625,
      385.265625,
      385.265625,
      385.265625,
      385.265625,
      385.265625,
      385.265625
    ],
    "statistics": {
      "mean_inference_time": 22.318607399999557,
      "std_inference_time": 6.498715528008783,
      "min_inference_time": 17.059743000000793,
      "max_inference_time": 42.11081500000091,
      "p95_inference_time": 34.207290949998644,
      "p99_inference_time": 40.53011019000044,
      "mean_memory_usage": 385.260546875,
      "peak_memory_usage": 385.265625,
      "mean_cpu_usage": 82.86000000000001,
      "peak_cpu_usage": 96.1
    }
  },
  "latency_analysis": {
    "0": {
      "mean_inference": 20.528127100000052,
      "mean_total": 20.537051399999484,
      "mean_network_overhead": 0.008924299999435448,
      "efficiency_ratio": 99.95654536853606
    },
    "50": {
      "mean_inference": 19.504072849999687,
      "mean_total": 126.65358730000003,
      "mean_network_overhead": 107.14951445000035,
      "efficiency_ratio": 15.399542378378165
    },
    "100": {
      "mean_inference": 25.73245840000062,
      "mean_total": 236.9706644000002,
      "mean_network_overhead": 211.23820599999962,
      "efficiency_ratio": 10.858921489355708
    },
    "200": {
      "mean_inference": 19.07445025000065,
      "mean_total": 425.63298260000045,
      "mean_network_overhead": 406.55853234999995,
      "efficiency_ratio": 4.481431427960167
    },
    "500": {
      "mean_inference": 26.959049700001355,
      "mean_total": 1035.5053188500005,
      "mean_network_overhead": 1008.5462691499991,
      "efficiency_ratio": 2.6034680082513937
    },
    "1000": {
      "mean_inference": 39.20636564999995,
      "mean_total": 2057.6995724000017,
      "mean_network_overhead": 2018.4932067500024,
      "efficiency_ratio": 1.90534936080448
    }
  },
  "batch_processing": {
    "1": {
      "total_time": 20.999207499997397,
      "time_per_image": 20.999207499997397,
      "throughput": 47.6208447390276,
      "memory_usage": 385.3671875
    },
    "5": {
      "total_time": 105.419870099999,
      "time_per_image": 21.0839740199998,
      "throughput": 47.42938874101351,
      "memory_usage": 385.3671875
    },
    "10": {
      "total_time": 168.92510889999812,
      "time_per_image": 16.892510889999812,
      "throughput": 59.19783071396387,
      "memory_usage": 385.3671875
    },
    "20": {
      "total_time": 335.7913444999994,
      "time_per_image": 16.78956722499997,
      "throughput": 59.56079668992193,
      "memory_usage": 385.3671875
    },
    "50": {
      "total_time": 834.9376991000029,
      "time_per_image": 16.698753982000056,
      "throughput": 59.884707630157386,
      "memory_usage": 385.3671875
    }
  },
  "cold_warm_analysis": {
    "cold_starts": [
      36.97222799999622,
      20.907076999989727,
      22.762896999992677,
      31.604024000003506,
      30.281506999997987,
      37.485318999998185,
      21.261209000002168,
      33.56967999999938,
      21.000663999998892,
      46.51672100000326
    ],
    "warm_starts": [
      77.17789900000582,
      27.70173299998646,
      23.894983000005254,
      18.994922999993946,
      17.716350000000602,
      20.3970379999987,
      19.670410000003358,
      18.914096000003155,
      25.129341000010186,
      28.120755999992753
    ],
    "statistics": {
      "cold_start_mean": 30.2361325999982,
      "cold_start_std": 8.274615579863607,
      "warm_start_mean": 27.771752900000024,
      "warm_start_std": 16.851485978644973,
      "startup_overhead": 2.464379699998176
    }
  }
}